provinsi,iklh,kepadatan,ln_kepadatan,timbulan_per_kapita,komposisi_plastik,lon,lat,klaster,nama_zona,lisa_kuadran,lisa_label,lisa_p,lisa_signifikan
Aceh,79.66,98.0,4.585,0.4595,23.2,96.74,4.7,1,Zona Pengawasan,4,HL (Spatial Outlier),0.385,False
Sumatera Utara,73.96,215.0,5.3706,0.2878,21.3,98.66,2.1,1,Zona Pengawasan,2,LH (Spatial Outlier),0.452,False
Sumatera Barat,74.76,139.0,4.9345,0.4314,19.87,100.35,-0.72,1,Zona Pengawasan,4,HL (Spatial Outlier),0.262,False
Riau,70.77,75.0,4.3175,0.3069,13.72,101.45,0.29,1,Zona Pengawasan,3,LL (Cold Spot),0.35,False
Jambi,73.97,76.0,4.3307,0.2085,14.55,102.42,-1.61,1,Zona Pengawasan,3,LL (Cold Spot),0.243,False
Sumatera Selatan,72.69,102.0,4.625,0.1904,20.74,103.9,-3.32,1,Zona Pengawasan,3,LL (Cold Spot),0.097,False
Bengkulu,73.45,105.0,4.654,0.3225,16.46,101.88,-3.79,1,Zona Pengawasan,3,LL (Cold Spot),0.264,False
Lampung,73.11,281.0,5.6384,0.3051,14.43,105.32,-4.56,1,Zona Pengawasan,3,LL (Cold Spot),0.001,True
Kepulauan Bangka Belitung,72.8,92.0,4.5218,0.2837,21.86,106.17,-2.74,1,Zona Pengawasan,3,LL (Cold Spot),0.002,True
Kepulauan Riau,75.05,264.0,5.5759,0.2115,19.65,104.45,3.92,1,Zona Pengawasan,4,HL (Spatial Outlier),0.327,False
DKI Jakarta,56.39,16165.0,9.6906,0.6171,22.95,106.83,-6.21,2,Zona Kritis,3,LL (Cold Spot),0.001,True
Jawa Barat,66.09,1359.0,7.2145,0.3456,21.4,107.62,-6.92,2,Zona Kritis,3,LL (Cold Spot),0.001,True
Jawa Tengah,69.46,1104.0,7.0067,0.4282,19.24,110.22,-7.15,2,Zona Kritis,3,LL (Cold Spot),0.001,True
DI Yogyakarta,68.44,1186.0,7.0783,0.5162,24.68,110.42,-7.8,2,Zona Kritis,3,LL (Cold Spot),0.001,True
Jawa Timur,71.24,870.0,6.7685,0.419,17.38,112.74,-7.53,2,Zona Kritis,3,LL (Cold Spot),0.055,False
Banten,62.54,1329.0,7.1922,0.5275,17.83,106.06,-6.4,2,Zona Kritis,3,LL (Cold Spot),0.003,True
Bali,75.02,793.0,6.6758,0.7751,14.7,115.22,-8.34,2,Zona Kritis,4,HL (Spatial Outlier),0.124,False
Nusa Tenggara Barat,73.18,287.0,5.6595,0.2288,21.19,116.36,-8.65,1,Zona Pengawasan,3,LL (Cold Spot),0.264,False
Nusa Tenggara Timur,75.0,122.0,4.804,0.4366,22.62,121.67,-8.66,1,Zona Pengawasan,1,HH (Hot Spot),0.205,False
Kalimantan Barat,74.05,39.0,3.6636,0.396,23.1,109.73,0.0,1,Zona Pengawasan,3,LL (Cold Spot),0.466,False
Kalimantan Tengah,74.8,18.0,2.8904,0.432,25.67,113.92,-1.68,0,Zona Terjaga,1,HH (Hot Spot),0.147,False
Kalimantan Selatan,75.59,115.0,4.7449,0.5189,20.95,115.44,-3.09,1,Zona Pengawasan,1,HH (Hot Spot),0.406,False
Kalimantan Timur,76.63,32.0,3.4657,0.5767,19.88,116.83,0.54,1,Zona Pengawasan,1,HH (Hot Spot),0.06,False
Kalimantan Utara,79.95,11.0,2.3979,0.2381,16.28,116.58,3.07,1,Zona Pengawasan,1,HH (Hot Spot),0.141,False
Sulawesi Utara,76.26,186.0,5.2257,0.5074,17.59,124.84,0.62,1,Zona Pengawasan,1,HH (Hot Spot),0.012,True
Sulawesi Tengah,79.74,51.0,3.9318,0.2585,11.83,121.45,-1.43,1,Zona Pengawasan,1,HH (Hot Spot),0.047,True
Sulawesi Selatan,75.7,209.0,5.3423,0.4086,14.87,120.19,-3.67,1,Zona Pengawasan,1,HH (Hot Spot),0.027,True
Sulawesi Tenggara,80.14,77.0,4.3438,0.3078,15.96,122.39,-4.14,1,Zona Pengawasan,1,HH (Hot Spot),0.075,False
Gorontalo,78.5,102.0,4.625,0.1628,16.76,122.45,0.54,1,Zona Pengawasan,1,HH (Hot Spot),0.045,True
Sulawesi Barat,76.33,91.0,4.5109,0.1576,21.0,119.19,-2.83,1,Zona Pengawasan,1,HH (Hot Spot),0.056,False
Maluku,78.59,42.0,3.7377,0.3709,19.85,128.17,-3.23,1,Zona Pengawasan,1,HH (Hot Spot),0.001,True
Papua Barat,83.75,10.0,2.3026,0.3937,26.0,132.22,-1.34,0,Zona Terjaga,1,HH (Hot Spot),0.005,True
Papua,80.32,13.0,2.5649,0.4085,25.0,138.08,-4.27,0,Zona Terjaga,1,HH (Hot Spot),0.001,True
Papua Selatan,79.78,5.0,1.6094,0.0875,40.0,138.6,-6.5,0,Zona Terjaga,1,HH (Hot Spot),0.001,True
