nama,wilayah,latitude,longitude
Poka,Teluk Ambon Dalam,-3.6575,128.2000
Tanjung Martafons,Teluk Ambon Dalam,-3.6600,128.1975
Rumah Tiga,Teluk Ambon Luar,-3.6620,128.1850
Wayame,Teluk Ambon Luar,-3.6705,128.1680
Hative Besar,Teluk Ambon Luar,-3.6840,128.1440
Tawiri,Teluk Ambon Luar,-3.6970,128.1100
Laha,Teluk Ambon Luar,-3.7060,128.0880
Galala,Teluk Ambon Dalam,-3.6700,128.1990
Halong,Teluk Ambon Dalam,-3.6610,128.2150
Lateri,Teluk Ambon Dalam,-3.6520,128.2320
Passo,Teluk Ambon Dalam,-3.6360,128.2530
BTN Passo Indah,Teluk Ambon Dalam,-3.6440,128.2470
Negeri Lama,Teluk Ambon Dalam,-3.6290,128.2400
Waiheru,Teluk Ambon Dalam,-3.6350,128.2230
Nania,Teluk Ambon Dalam,-3.6300,128.2320
Pasar Mardika,Kota Ambon,-3.6900,128.1830
Batu Merah,Kota Ambon,-3.6830,128.1880
Benteng,Teluk Ambon Luar,-3.7080,128.1660
Amahusa,Teluk Ambon Luar,-3.7240,128.1420
